id_registo,ocupacao
17761,1
25264,1
30252,0
19288,0
15273,0
18543,1
18469,1
18324,0
25452,0
13966,1
29386,0
21201,0
24156,0
24673,0
23090,1
25982,0
14549,0
27204,0
27041,0
23066,0
11469,1
22254,0
17889,0
26899,0
23101,0
18480,0
27739,1
15714,0
13639,0
12039,0
27480,0
14434,0
30115,0
15595,0
25197,0
15742,1
20683,1
22437,0
20523,0
21551,1
19478,0
19217,1
16174,0
21183,0
26512,0
22966,0
10137,0
25842,0
15510,0
14663,0
23295,0
18882,0
26222,1
29783,0
20575,1
30161,0
23353,0
10227,0
22332,0
18391,1
16889,1
12816,0
15760,0
11989,0
14123,0
13765,1
16751,0
12920,0
30421,0
13451,0
11424,0
25484,0
27503,0
11003,0
30098,0
18530,0
28587,0
13191,0
11572,1
21724,0
29453,0
13944,1
21564,0
22196,0
18627,1
24448,0
23725,0
14370,0
23174,0
15964,1
15524,0
16909,0
22718,0
24327,1
12661,0
26999,0
22089,0
22289,0
23693,0
19945,0
19511,0
26698,0
22425,1
13563,0
29313,0
10343,0
15136,0
13679,1
15840,0
13631,0
27251,0
27553,0
21207,0
24118,0
12742,1
26749,0
12220,0
27718,0
12986,0
14379,0
18053,0
10239,0
26750,0
10015,1
18678,0
23215,0
10944,0
13832,1
17226,0
15298,1
22020,1
13504,0
10701,0
11912,1
29781,0
16388,0
16357,0
30268,0
20341,0
16482,0
12883,1
12959,0
18499,0
12410,0
24274,0
24303,0
23902,0
13557,0
18701,1
24510,0
22805,1
22709,1
29997,0
30487,0
10106,0
20790,0
15247,0
30241,0
29665,0
23113,0
28181,0
21019,0
23956,0
25047,0
16530,0
22876,0
23155,0
18218,0
24755,0
28733,0
13176,0
16888,0
21224,1
27435,0
16371,0
19654,0
16252,1
18202,0
12178,0
27422,1
19810,0
23829,0
24450,0
18249,0
12811,0
11248,1
28311,1
21811,0
25126,0
28920,0
15768,0
16631,1
20067,0
14654,0
26822,0
13177,0
15615,0
14763,1
13062,0
15422,0
13066,1
15988,0
17543,0
19591,0
22928,1
19610,1
27791,0
20640,1
27594,1
21568,1
21968,0
18895,0
18786,0
23077,0
26147,0
25403,0
12917,0
17528,0
25704,1
14148,0
16763,0
24771,0
12848,0
19622,1
15021,0
25840,0
22336,0
16022,1
28748,0
27498,0
14241,0
27866,0
30277,0
21174,0
17553,0
15801,0
29723,0
23074,0
23615,0
15151,0
18853,0
14523,0
14970,0
14575,0
29552,0
28529,0
19207,1
13390,0
15360,1
20466,0
23554,1
15170,1
26048,0
19693,0
30270,0
12215,0
23012,0
16893,0
25285,1
23212,0
28609,1
27216,0
20545,1
28507,0
19559,1
14766,0
16474,0
16497,0
24405,0
13162,0
30049,0
25268,1
12777,0
30031,0
24822,0
10158,0
29407,0
20908,0
11561,0
17576,1
29537,0
16800,1
15814,1
27661,0
14989,1
27474,0
21424,0
30482,0
18520,0
25797,1
24036,0
29172,1
17830,0
11164,0
11661,0
23186,0
11211,1
14121,0
18509,1
15033,0
25620,0
17048,0
22825,0
11933,1
10330,0
12226,0
18753,1
14809,0
23542,0
17368,1
12601,0
26050,0
26436,0
25632,0
27385,0
14848,0
29647,0
29364,1
14402,1
17890,0
26887,0
20558,0
29956,0
28191,0
17640,1
15982,0
19522,0
19524,1
10937,0
27709,0
12664,0
16060,0
14258,0
11611,0
26444,1
21025,1
15375,0
23197,0
26386,0
13859,0
25377,0
15565,0
30199,1
10547,1
26068,1
18133,0
25976,0
20890,0
21293,0
12893,0
29073,0
19841,0
12177,0
26066,0
21612,0
20617,0
26150,0
20848,1
15846,0
23713,0
25886,0
21952,1
14227,0
12967,0
21879,0
13571,0
20849,1
28089,0
21744,1
22019,0
24911,0
14192,0
14273,0
15011,0
27777,0
26651,0
25269,0
15694,0
18600,0
19020,0
27380,1
15124,1
16730,0
24648,0
23512,0
10220,0
28387,0
27516,0
23208,1
16303,0
23538,1
16076,1
21399,0
18467,0
16304,0
13106,0
12502,0
27171,0
20035,1
26955,1
10429,0
16116,1
26415,1
26836,0
29474,0
20819,1
10083,0
26355,1
25365,0
11945,0
26985,0
22947,0
15091,0
16720,1
28139,1
30236,0
20311,1
25106,0
29327,0
18455,0
18172,0
16624,0
14630,0
17657,0
29337,0
17979,0
10005,1
10752,0
10659,0
20892,0
26041,0
19394,0
19363,1
20109,0
24449,0
10875,0
10067,0
19790,0
11085,1
15965,0
19675,0
23981,0
12745,0
25277,1
17039,0
16468,1
13567,0
28970,0
18147,1
11478,0
30437,1
13595,0
11861,1
18573,0
29644,0
29034,0
16554,0
17268,0
17099,1
27904,0
17245,0
15100,0
29167,0
25576,0
15865,0
15163,0
20995,0
12586,0
14760,0
22050,0
13275,1
21767,0
28501,1
15990,0
15192,0
10231,0
13564,0
16667,0
22948,0
23739,0
11843,0
13838,0
24890,0
17379,0
30446,0
20567,0
25441,0
29612,0
19007,0
24990,0
17158,0
26195,0
26462,1
12578,1
16359,0
27437,0
21528,0
16832,1
22793,0
25991,1
14994,0
17185,1
13387,1
21121,0
19271,0
10351,0
23803,1
24811,0
21455,0
12469,1
25133,0
21925,0
24196,0
13600,0
27730,0
17129,0
25130,0
13483,0
16372,1
25972,0
24836,0
14450,0
23820,1
25851,0
26391,0
26381,0
13403,0
17913,0
12261,0
12279,0
17569,0
12934,0
23654,1
28509,0
13930,0
16965,1
16411,0
25864,1
15861,1
20796,0
28946,0
14819,1
19947,0
17892,0
21535,1
13871,0
16867,0
15080,1
19697,0
15531,0
25999,0
27772,1
11100,0
24045,1
27813,0
20708,0
18641,0
20062,0
19231,1
11069,0
22486,0
11341,1
29040,1
25018,1
14277,1
14368,1
22223,0
15027,0
27299,1
18233,0
12512,1
13115,0
16323,0
14671,1
14456,0
18821,0
27573,0
12235,0
24384,0
24679,0
14447,0
13644,0
17510,1
19257,0
14135,0
16995,0
26765,0
18080,0
22389,1
17958,0
12383,0
18397,0
25009,0
28426,1
20717,0
21759,0
12142,1
23324,0
23667,0
22117,0
27893,0
28612,0
16496,0
27975,0
16302,0
26631,1
18059,1
13349,1
14158,0
18063,0
25498,0
14963,0
24745,0
10255,0
25764,0
15201,0
28714,0
17660,0
17615,0
11671,0
23332,0
10380,0
26806,1
24038,0
13836,0
29215,0
17146,0
26570,1
13711,0
19352,0
27418,1
29485,0
20027,1
21575,0
25529,1
20860,0
21891,0
26258,0
23695,0
11095,1
21652,0
23329,0
23412,0
16099,0
21251,1
19043,1
12535,0
24871,0
21079,0
22216,0
12412,1
27883,0
13410,0
28292,0
14690,0
19101,1
13447,0
18717,0
14473,0
23584,0
16490,0
26483,0
10169,0
29463,0
23535,0
27305,0
22348,1
27116,0
15932,0
27189,0
27595,0
28359,0
24587,1
18279,0
14885,0
12313,1
15553,0
14981,0
21611,0
25068,1
13145,1
24398,1
15264,0
14018,0
24692,0
22200,1
23079,0
30083,0
29625,0
20841,0
11659,0
28876,0
20929,0
15527,1
23765,1
30020,0
15317,0
24710,0
13413,0
23656,0
14482,0
18637,0
14147,0
21398,0
15797,1
22195,0
24365,1
25692,1
13048,0
18702,0
29205,0
22626,0
21351,0
23723,0
23398,0
10349,0
17360,0
20332,1
13915,0
28096,0
26239,0
25860,0
25517,1
13464,0
14408,0
15323,1
14175,0
16741,1
23935,0
24535,0
17344,0
16040,0
22996,0
25522,0
24404,1
28593,0
19821,0
17181,0
28162,1
17029,0
11607,0
30041,0
25373,1
23977,0
19948,0
27678,0
16358,0
16158,1
30316,1
15024,0
22661,0
28253,0
29068,0
28904,0
26030,0
13518,0
25344,0
30245,0
27492,0
19668,0
27148,0
30341,0
15626,0
13655,0
27793,0
29758,0
24193,0
16773,0
17856,0
30388,1
14067,1
26990,0
17809,0
21052,0
30084,1
17643,1
29013,0
30248,0
20047,0
11919,0
25036,0
16228,0
29582,0
13823,0
28421,1
20146,0
27918,0
13873,0
10245,0
11862,0
11043,0
29130,0
25553,0
21583,0
25735,0
10445,1
16193,0
26277,0
14196,0
14225,0
29317,1
25310,0
13351,0
30064,0
11768,0
27963,1
29266,0
14137,0
12840,0
29293,0
19046,0
21915,0
20850,0
24572,0
19845,0
15490,0
30444,0
24966,0
17103,0
23091,1
25834,1
11699,0
21104,1
14764,1
12054,0
24759,0
25532,0
23284,0
21826,1
14823,1
19709,0
18076,1
28138,1
23774,0
14065,1
29074,0
23955,1
29283,1
24967,0
23741,1
26299,1
11714,0
10770,0
16245,0
28810,0
21875,0
22492,1
23863,0
13388,0
15296,0
17275,0
24761,0
23401,0
17758,1
18308,1
21315,0
15695,0
20657,0
20854,0
16864,1
20804,0
27585,0
26063,1
16477,0
24532,0
27885,0
28467,0
29094,0
17345,1
14039,0
22939,0
23745,0
14862,1
26159,0
14821,0
21739,0
25421,0
14530,1
24013,0
23539,0
29355,0
16711,1
10804,1
23938,0
10857,0
28286,0
16579,1
23951,0
13209,0
24383,0
26097,1
25610,0
21928,0
23995,0
11135,1
13428,0
14342,0
22079,0
25085,0
22811,0
21985,0
14406,0
13293,1
17425,0
11511,0
22327,0
21890,0
25601,1
23271,0
28073,0
18460,0
29095,0
14565,0
24431,0
24843,0
10114,0
29055,0
28532,0
20643,0
17075,0
30337,0
18672,0
20621,0
20023,0
21830,0
14705,1
21506,0
23438,0
16638,0
20154,1
16718,0
10642,0
19012,0
22960,1
26378,0
24853,0
11298,0
28959,0
18949,1
30377,1
12930,0
24306,0
29541,0
29471,0
27996,1
15219,0
26368,1
18718,0
25542,1
14296,0
23411,1
28936,0
23109,0
26659,0
12186,0
29833,0
10250,1
20118,0
14522,0
16360,0
13200,0
11458,0
23110,0
25757,0
29273,0
25874,0
25656,0
22483,0
25669,1
16803,0
11914,0
22251,0
10974,0
21425,0
21628,0
25761,0
23301,0
19496,1
25822,0
11613,0
17038,0
23937,0
10130,0
22504,1
25650,1
15292,1
23509,0
27260,0
20759,0
26988,1
29284,0
25546,0
18681,1
24930,0
24006,0
10444,0
27482,1
22804,1
23793,0
10100,0
28325,1
29516,1
24860,0
24758,1
14291,0
20534,0
13092,0
19063,0
26562,1
21728,1
16766,0
30206,0
26458,0
13772,0
27192,0
21008,1
10058,0
15198,0
19938,0
14516,0
28579,1
25382,0
15640,0
19286,1
20665,0
25700,0
18630,0
28781,1
16156,0
25540,0
22259,1
14131,0
13468,0
11365,0
25071,0
17770,1
11437,0
13150,0
13175,0
14191,0
11326,1
14920,0
15165,0
20225,0
18998,0
14732,0
24697,0
18795,1
15530,0
17097,0
11590,0
15868,0
19056,1
22574,0
18933,1
20273,0
12298,0
27240,0
15963,0
27118,0
16483,0
10592,0
19137,0
20074,0
18774,0
24664,0
10973,1
22557,0
26541,0
28710,1
10320,1
23596,0
26408,0
28201,0
26980,0
18157,1
22609,0
20583,1
13719,1
29650,1
17820,1
24170,0
12149,0
30278,0
27129,0
14103,1
19549,0
13613,0
14600,0
24574,0
14789,0
10456,0
20345,0
12432,0
16189,0
24247,0
29633,0
25870,0
21072,1
28464,1
15902,0
16591,1
20551,0
19326,1
13669,0
15871,0
24903,1
25802,0
16138,0
10510,0
18203,0
16555,0
11259,0
27874,0
13707,1
21762,0
21845,0
20060,1
17134,0
29971,0
19712,0
12706,0
23377,1
24905,1
19296,0
30413,0
12963,0
20482,0
16007,0
25046,0
14935,1
29108,0
19028,1
28513,0
12022,0
28697,0
23939,1
11708,0
24214,0
11349,0
17585,1
29304,1
19782,0
29883,1
17230,0
28180,0
13958,0
29646,0
25184,0
18186,1
27964,0
17443,1
14665,0
26922,1
11965,1
26532,0
10020,0
25223,1
24146,0
27120,0
13590,0
18581,0
21796,0
21939,1
27924,0
16754,0
11649,1
12570,1
19261,0
13774,1
13883,0
15606,0
20861,0
15792,0
18934,0
13057,0
20265,0
15211,0
10018,0
19312,0
18209,0
28865,0
24378,1
24515,0
30017,1
29227,1
17486,0
21192,0
19080,0
19126,0
29431,0
13314,0
30440,1
24488,0
25066,0
24366,0
30282,0
10003,1
29214,0
17823,0
11206,0
28542,0
14771,0
23696,0
10696,1
26634,0
18898,1
11614,0
15799,0
29320,0
19811,0
18198,0
19036,0
21328,0
13730,0
13419,0
17687,0
26594,0
14629,0
18806,0
17969,0
18607,0
30336,0
16317,0
19828,0
15899,1
11578,1
19193,0
25258,0
17752,0
19033,0
23169,1
12143,0
20356,1
17182,0
26142,0
20773,0
10234,0
28957,0
30167,0
10335,0
16272,0
29564,0
14900,1
19704,0
17702,1
30329,0
25772,0
18057,0
15724,0
13551,0
21117,0
16308,1
22920,0
18699,0
17447,0
30488,0
19164,0
27032,0
23344,1
26044,0
14744,0
17750,1
20065,1
20751,0
22453,0
22696,0
30138,0
22435,0
22361,1
12916,0
22769,0
23899,0
22791,1
24117,0
21982,0
25929,0
26410,0
25659,1
14546,0
20125,0
24224,0
24585,1
10841,1
17434,0
15731,0
11629,0
13035,0
18991,0
12835,0
19241,0
21018,0
27392,1
13037,0
22284,0
28909,1
18200,1
17520,1
21814,0
29615,1
17651,0
12116,0
24734,0
11653,0
15465,0
27671,1
28173,0
29533,1
15222,0
12558,0
10121,0
13565,0
29614,0
10386,1
29157,0
29216,0
23166,0
25793,0
28430,0
13040,1
13303,0
29748,0
19725,1
27273,1
11886,0
12572,0
21838,0
28135,0
12333,0
24509,0
16326,1
16328,1
25606,0
25646,0
15421,1
27011,1
12677,0
14580,0
28439,0
13105,0
25902,0
26733,0
15520,0
27446,1
17246,0
10406,0
27190,0
18686,0
27471,0
13198,0
11927,0
20114,0
26942,0
25216,0
23665,0
27634,1
13588,0
19722,0
26020,1
23294,0
19541,0
16222,0
23816,0
15019,0
23841,0
17133,0
20599,0
17463,0
22768,0
11331,0
17002,0
26581,0
13928,0
19865,0
10675,0
27937,0
14581,0
13821,1
14186,0
13266,0
29849,0
25702,0
24046,0
25549,0
16914,0
28287,0
20397,0
18515,0
12204,0
12113,0
24453,0
27097,0
18006,0
13539,0
21069,0
23484,0
14052,1
27360,0
23322,1
18188,0
13443,0
11496,1
12172,1
12689,0
19365,0
12681,0
19118,1
26340,1
21045,0
27943,0
26279,0
12227,0
23545,0
16611,0
21285,0
19655,0
29244,0
27202,1
19405,1
10084,0
27523,1
23569,0
20655,0
15494,0
14633,1
13917,1
22309,0
14126,0
11055,1
17512,0
14318,0
13680,1
17713,0
19177,0
15143,0
19806,0
27830,1
25889,0
10412,0
20880,0
28218,0
18120,0
10760,0
14521,0
19533,0
11841,0
10703,0
20786,0
26009,0
14455,1
26362,0
17144,0
22758,0
26826,1
18802,0
30160,1
15837,0
10499,1
13379,0
12084,1
13568,0
17451,0
28459,1
14698,0
10199,0
13616,1
26552,0
25898,0
23257,0
14164,0
29934,0
12948,0
28427,1
25444,0
23383,0
18640,0
16919,0
30171,0
26252,0
14036,1
29119,0
23132,0
21159,0
27064,0
11893,0
27073,1
26681,1
19822,1
20319,0
28371,0
20680,0
11157,0
16275,0
10693,0
22265,1
25645,0
14842,0
23570,1
30527,1
22151,0
10884,0
27317,1
29984,0
11041,1
27068,0
29762,1
15187,0
24399,0
23472,0
22353,0
11110,0
17050,0
22563,0
22511,0
27745,0
18476,0
16851,1
24971,1
10880,0
28953,1
19958,0
25846,0
16495,0
29450,0
25685,0
22684,0
17204,0
23156,0
19525,0
21567,0
24443,1
17503,0
16172,0
18508,1
16213,1
28132,1
16960,0
14255,0
10342,1
16012,0
14527,0
18123,0
28844,0
23688,0
20254,0
28233,0
29589,0
24752,0
25953,0
14717,0
18457,0
15543,0
29527,0
21426,0
23521,0
19166,0
14316,1
21298,0
22356,0
28818,0
26793,0
29867,0
27812,0
13778,0
16233,0
17652,1
17887,0
10753,0
26104,0
19148,0
10518,0
18022,0
19748,0
14089,0
23810,0
24236,0
28851,0
10081,0
25112,0
27670,0
15289,0
16398,0
19424,0
27558,0
25571,1
10805,0
27407,0
15066,1
29422,1
19581,1
28116,0
29465,0
11501,0
16517,0
19641,0
23698,0
24778,0
16825,0
29455,0
28215,0
10110,0
13743,0
29987,1
15538,0
25156,1
28281,1
19152,1
15770,0
25837,0
23912,0
30433,0
27105,0
24899,1
29348,1
10345,0
14975,0
11908,0
16111,0
25093,1
24248,0
21746,0
17084,0
14536,0
24260,1
28784,1
18824,0
17599,0
25918,0
25202,0
22541,0
14128,1
23207,0
11336,0
16648,1
26272,1
27487,1
21139,0
25028,0
10980,0
24090,1
24808,0
18975,0
27683,0
25496,1
23628,0
17507,1
24564,0
25887,0
26357,1
29325,1
13695,0
29790,0
21279,1
10301,0
11440,1
23942,0
16390,1
21213,1
15200,0
14058,1
27219,1
26815,0
23617,0
24612,0
17355,0
14799,0
27788,1
19831,0
26413,0
28068,0
19339,1
16247,0
10854,0
21308,0
14051,0
22358,1
13240,0
20932,0
30155,0
26809,0
24484,0
16019,0
11705,0
24852,1
18748,1
23941,0
27366,0
26752,0
21321,0
20888,0
20518,0
25069,0
14985,0
25960,1
22052,0
25940,0
27844,0
12611,0
19299,0
17874,1
10915,0
25380,1
15637,0
20043,0
11063,0
17023,1
13430,0
26004,0
24152,0
10303,0
11215,0
10408,0
11015,1
19489,0
29854,0
14462,1
15665,0
10300,0
22354,0
11170,0
10423,0
23072,0
23096,0
26938,0
29415,0
24918,0
12619,0
18532,0
12428,1
17539,0
28498,1
13591,1
20200,0
26676,0
13691,1
18677,0
24839,1
14866,0
27955,0
23782,0
30331,0
28223,1
20982,0
28552,0
12574,0
22381,1
24030,1
16772,0
18418,1
10795,0
25463,1
29704,0
11371,0
19583,0
19174,0
11392,0
23263,0
10009,1
17996,0
25173,0
13361,0
17087,0
23055,0
18037,0
14321,0
17867,0
27927,0
14746,0
17788,0
15734,1
20145,1
23379,0
22363,0
27139,0
24203,1
27925,0
19198,0
26184,0
28241,0
17139,0
27411,0
18950,0
29477,0
19762,1
15105,0
21703,0
21888,0
12230,0
18166,0
15115,0
14757,0
18411,0
30492,1
20248,0
11604,1
19774,1
16208,0
26628,1
28183,0
18180,1
28635,0
14996,0
28388,0
11213,0
19731,1
14290,0
18574,0
11017,1
19322,1
12928,0
18151,0
30051,1
18060,0
21534,1
18799,0
22606,0
21977,0
15477,0
21976,1
30472,0
18154,0
30170,0
24489,1
30532,0
25748,0
21503,0
27160,1
28869,0
12520,1
26971,0
27841,0
29791,0
10866,0
24319,0
22325,0
18454,0
23261,0
24821,0
28237,0
28949,0
26293,1
24756,1
11232,0
25361,1
29057,0
19901,0
13760,0
25771,0
24674,0
12238,1
28831,0
25348,0
14061,0
10634,0
27600,0
28914,0
28811,1
14245,0
25876,0
28454,0
15645,0
24545,0
16535,0
20374,0
26824,1
12263,0
16760,1
12111,0
13777,0
10848,0
26785,0
22496,1
29116,0
18365,0
13064,0
12056,0
25144,0
10674,0
18711,0
24624,0
24973,0
22850,0
12551,0
11393,0
15285,0
26978,0
27377,0
24680,0
20403,0
23504,1
19270,0
16606,0
20476,0
18732,0
20623,0
21269,1
22794,1
29994,1
11284,0
19544,0
24267,0
28538,0
17357,0
19669,1
18709,0
29832,0
11694,0
15037,0
16930,0
12698,0
20838,0
13002,1
12015,1
22155,1
20255,1
13207,0
25182,1
30134,0
12751,0
13391,1
21305,0
16072,0
15029,0
30518,0
23556,0
29410,1
27263,1
22538,0
21154,0
18845,0
28179,1
29389,0
19600,1
25835,0
29530,0
13830,0
28816,0
13014,0
27292,1
27271,0
15809,0
12564,0
20446,1
17294,0
24100,0
29393,0
29947,0
15896,0
17077,0
16643,0
26317,0
18690,0
15084,0
15048,0
29761,0
23625,1
14427,1
27015,1
18615,1
28444,1
27591,0
16126,0
18189,0
28220,0
23505,0
27463,0
15228,1
12199,0
15409,1
14858,1
29294,0
22189,0
14354,0
23119,0
11177,0
23381,0
20261,0
30251,0
21281,0
21382,0
10923,0
13723,0
15397,0
25230,0
28310,0
25520,0
18405,0
16336,1
11004,0
20217,0
24620,0
21194,1
17768,0
22100,0
15529,1
30365,1
20952,1
27322,1
14091,0
14358,0
18122,1
21702,0
24325,0
29639,1
27234,1
27238,0
11307,0
27409,1
28077,0
18935,0
14934,0
25281,0
12716,1
21014,0
13202,0
28239,0
30240,0
17675,1
20415,1
16375,0
23988,1
15600,0
16329,0
25927,0
24661,0
13971,0
13667,0
27802,0
20684,0
28420,0
25015,0
30101,1
15767,0
22940,0
24176,0
14535,0
12610,0
18551,0
13137,0
25098,0
24307,0
14247,0
17522,0
29915,0
26524,0
17239,0
25198,1
16415,0
12902,0
18164,0
27805,0
21656,0
18014,1
10271,0
13700,1
21475,0
23681,0
23646,0
30338,1
20358,0
28076,0
13559,0
24818,1
22188,1
23916,0
19133,1
21520,1
10363,0
16183,1
12393,0
12398,0
25762,1
12898,0
12063,0
18973,0
29462,0
14803,0
30345,0
20057,0
25077,0
28111,0
19863,0
28788,0
13082,0
16528,0
27867,1
14700,1
11359,0
25729,0
29578,0
16861,1
21451,0
24221,0
12443,1
23800,1
21667,0
10529,0
26872,0
10338,1
12354,0
21080,1
10814,0
17449,0
10998,0
25790,0
13039,0
10646,0
16346,0
13708,0
24599,0
10962,0
27821,0
10853,0
16030,0
12213,0
16597,0
11867,0
25400,0
25146,0
19453,0
16440,0
22388,0
10639,1
13146,1
26217,0
26630,0
28003,0
11956,0
15715,0
25955,0
16452,0
16798,0
21799,0
22472,1
30012,0
24653,0
29661,0
17458,0
19869,1
12030,1
22955,0
27428,0
14452,1
25143,0
30073,0
10389,0
22542,0
10709,0
19438,0
20608,1
10327,0
15887,1
15778,0
23828,1
24511,0
27183,0
21547,0
17590,0
15280,1
15054,1
13022,1
20104,1
16438,0
23221,0
18376,0
28830,0
28048,0
29259,0
13710,1
28101,0
22643,0
15848,1
24645,0
23633,0
24044,1
21311,0
25815,1
19891,0
24358,1
30504,0
27441,0
23408,0
22882,1
13906,0
14220,0
25092,0
20747,0
25749,1
19147,0
13297,0
10269,0
21115,1
19825,0
19552,1
17588,1
13948,0
21265,1
14444,0
24198,0
10160,1
18381,0
21067,0
30198,0
23128,0
13847,1
21872,0
11757,1
28478,0
16471,0
12818,1
14073,0
13724,0
18398,0
29636,0
16231,1
22201,0
25785,0
29467,0
20339,1
10149,1
27157,0
27013,0
26433,0
18620,0
23861,0
25355,1
26596,1
14528,0
30411,0
25965,0
27176,0
22874,0
28192,1
23372,0
14326,0
11016,0
11999,1
18721,0
26260,0
20656,0
20699,0
16246,0
25476,0
25280,0
24413,0
14740,0
14298,0
15514,1
23070,0
28054,0
16377,0
17108,0
12659,1
28194,0
14139,0
26592,1
23682,1
23094,1
16612,0
11443,0
30494,0
10425,0
17521,0
18665,1
21749,0
24743,0
23226,1
29524,0
27906,0
21775,0
21190,1
18114,1
19736,0
30142,0
12987,0
21262,0
10650,0
14547,0
15070,0
27286,0
10496,0
27550,0
28705,0
24956,0
10331,0
18222,0
23082,0
26582,0
23720,0
23730,0
29720,1
14794,1
24312,1
14887,0
22509,0
23302,0
28522,0
24862,0
15854,0
26643,0
20396,0
27602,0
26445,0
15744,0
14571,0
12024,1
11404,0
26799,0
30107,0
16617,0
11901,0
29344,1
15987,0
25747,0
18647,0
21782,0
10527,0
15805,0
24097,0
27724,0
25261,0
18402,0
16232,1
24440,1
13684,0
20377,0
16961,0
25538,0
22752,0
17448,0
17293,1
11636,0
21808,0
14505,0
20915,0
26753,0
24458,0
23815,0
27330,0
19849,0
26076,0
27733,0
24421,0
27062,1
18039,0
27649,0
16051,0
20521,0
21717,0
27816,0
15064,0
12370,0
20687,0
27892,0
12138,0
12189,0
15717,1
28841,0
30537,0
28631,0
11140,0
10941,0
23456,0
25320,0
17625,0
22096,0
19976,0
26526,0
10031,0
25824,0
19781,0
21795,0
17985,0
25388,0
23635,0
24178,0
21381,0
26515,0
24056,0
11356,0
17612,0
28773,1
10156,0
17841,0
19537,0
30322,0
28082,0
19151,0
24764,1
12587,1
27881,0
10513,0
14626,1
22963,1
13311,0
27662,0
26952,0
23686,0
16764,0
28987,0
13552,0
14967,0
18554,0
24153,1
18791,0
18023,1
20604,1
12340,0
29275,1
19896,1
23604,0
13021,1
16923,0
28069,0
22787,0
16130,1
13561,1
19047,0
15628,0
30544,0
22074,0
26052,0
15139,0
19186,0
22550,0
14856,0
29809,0
18047,0
15945,0
23115,1
13696,0
26131,0
12451,0
20586,0
23843,0
22108,0
30519,0
14872,0
20257,0
12415,0
11118,0
27451,0
13305,0
20953,0
24712,1
11050,1
18892,0
15282,0
11547,1
20169,1
26337,0
19698,0
24246,1
21625,0
13070,0
29207,0
20651,0
24601,0
17685,1
11059,1
19048,0
25471,0
26788,0
20239,0
27845,0
20775,1
16269,1
22359,0
28584,0
20498,0
18194,0
25257,0
20754,1
28824,1
16351,0
26049,0
11738,1
23365,0
26439,0
12318,0
30127,0
14446,0
28205,0
19034,0
18258,0
16947,0
14943,0
26864,0
24109,0
19705,0
22716,1
28764,0
25240,0
18749,0
10673,0
26590,0
26578,0
24313,0
20713,0
12581,1
17311,0
28100,0
28469,1
27932,0
21346,0
16101,0
28856,0
13629,0
29885,0
20592,0
30536,0
20433,0
14177,0
14430,0
15924,1
25688,0
19066,0
26536,0
15855,0
21434,1
14093,0
17764,0
23987,0
26488,0
17472,0
13017,0
18266,1
11507,0
27111,1
21618,1
20241,0
21768,0
24073,1
13992,0
27449,0
18487,0
10602,1
27562,1
29210,0
13488,1
20666,0
10947,0
23292,0
17646,0
29457,0
17416,0
12738,0
29126,0
11723,1
14742,0
28489,0
23537,0
16941,0
18646,0
17395,0
26469,0
22204,1
24244,0
27126,0
27361,0
25169,0
14833,0
11308,0
18483,0
27824,0
19491,0
22252,0
25353,0
12644,0
16672,0
11762,1
14635,0
18605,0
27798,0
24148,0
25651,1
14958,0
24094,0
12076,0
14178,0
13746,0
25410,0
13253,0
21651,0
16855,1
29332,0
21542,0
11468,0
27524,0
21523,1
13815,0
25801,1
23447,0
15513,0
24501,0
29511,0
30541,0
11991,0
24075,1
10613,0
10183,1
11168,1
23349,1
29376,1
23690,0
22706,0
25070,1
29503,0
10710,0
16319,1
20051,0
19333,0
20784,0
26930,1
16873,1
19767,0
21841,0
14451,0
30307,0
30432,1
28283,0
23589,0
20100,1
26891,0
18317,0
19689,0
20183,0
19738,0
29818,0
23675,0
23049,0
29484,0
26740,0
12602,1
17272,0
14409,0
12339,0
29143,1
17207,0
24496,0
26876,0
24919,0
21824,0
14132,0
11988,0
10839,0
29152,0
10066,0
18843,0
13577,0
20637,0
24340,0
14517,0
17465,0
27127,0
16362,0
16122,0
27495,0
14042,0
29319,0
15862,0
15214,0
29755,0
16733,1
17325,0
16103,0
30477,0
28103,1
21926,0
26983,1
27128,0
23436,0
19087,0
11297,0
27794,0
19159,0
25526,0
13856,0
16320,1
19298,0
17838,0
29890,0
25544,0
16968,0
29871,0
19421,0
24880,0
25891,0
23129,1
30071,0
14043,0
12524,1
10519,1
10358,1
21088,0
14362,0
14817,0
18981,0
16600,0
10889,0
16238,0
26467,0
24540,0
11390,0
19639,0
26996,0
19946,0
11655,1
18969,0
19094,1
24908,0
26561,0
14854,0
12832,1
14133,0
29556,1
25332,0
22056,0
28684,1
10026,0
21785,0
15913,0
21469,0
28921,0
19690,0
30393,1
11018,0
27790,0
16087,0
25303,0
12452,0
26547,1
30491,0
20352,0
19187,0
14895,0
16831,1
21895,0
14807,0
14839,0
12989,0
17617,1
19994,1
20889,0
15979,0
10644,0
17148,0
22846,0
10360,0
17655,0
20287,1
19877,1
19230,1
22902,0
11909,0
18963,0
12841,0
25863,0
19965,0
14888,0
27770,0
27727,0
15985,1
16137,0
12486,0
15917,0
29879,1
24793,0
27101,0
18762,1
15218,0
24411,1
15291,0
28700,0
18302,0
12507,0
30479,0
16313,1
19626,0
21840,0
15970,0
30394,0
17116,0
24309,0
24925,0
24191,1
17498,0
26035,0
11874,1
13182,0
17682,0
19688,0
25442,0
25812,0
25145,1
21214,0
22154,0
17547,0
28524,0
18119,0
25059,1
12288,1
16974,0
29026,0
11482,0
11109,0
29036,1
18267,0
17314,0
19258,0
28564,0
20940,0
20527,0
17589,1
28081,0
15853,0
19755,1
12401,1
18227,1
14847,1
28400,1
12785,0
15497,1
25227,0
12311,0
11792,0
15515,0
22701,0
10025,1
26972,1
26624,0
12012,0
25180,1
16608,0
18243,0
21083,0
24825,0
22092,0
27849,0
18331,0
27694,0
16987,0
30128,0
12652,0
28757,0
10528,1
26365,0
21639,1
17020,0
15542,1
25923,0
13781,1
15196,0
21097,0
17530,0
23527,1
13976,0
17916,0
17177,0
27535,0
19437,0
12906,0
15992,0
23729,0
26714,0
20335,0
10505,1
28766,0
23386,0
24547,1
24543,1
14641,1
13436,0
23588,0
16135,0
26540,0
19615,0
14658,0
13879,0
29097,0
24455,0
26500,0
11122,1
23253,0
17119,1
13601,1
16202,0
13709,1
29526,0
20800,0
22401,0
24622,1
21181,0
17013,0
24560,0
16194,0
19809,0
28350,0
22857,0
22004,0
14828,1
11540,0
22524,0
25243,0
18682,1
12899,1
28594,0
18425,0
30055,0
11234,1
21544,0
23185,0
15989,0
27390,0
17061,0
10985,0
18862,0
29046,0
21533,0
27185,1
10861,0
26863,0
25301,0
10560,0
13241,0
15030,0
24757,1
13641,0
13188,0
21681,0
22875,0
27832,1
21143,1
29185,1
12256,0
13134,0
12875,1
12517,1
12966,0
26394,0
25827,1
23616,0
14391,0
23249,0
25530,0
24339,0
16705,0
27026,0
28396,1
14643,1
18128,0
19911,0
15730,0
19886,0
24849,1
19923,0
25053,0
17208,0
17334,0
16512,0
30054,0
19153,1
12305,0
14805,0
20256,0
15634,1
10165,0
24402,0
18049,1
13344,0
21029,0
14916,0
16352,0
22891,1
20237,0
27376,0
20021,0
12805,0
11599,1
21033,0
25435,0
23336,0
21526,0
16779,0
26846,1
12173,1
26360,0
11961,1
24072,0
10533,0
27019,1
29776,0
28425,0
12962,1
19498,0
21252,1
20173,0
12526,0
12515,0
11449,0
24361,1
12302,0
19773,0
20303,0
24284,0
26732,1
29983,0
13465,0
19417,0
12978,0
23116,0
27525,0
20166,0
19396,1
15780,1
16068,0
14209,1
10580,1
28754,0
29047,1
12743,0
13289,0
13189,0
26350,0
17828,0
27235,0
21731,0
13500,0
11871,0
13750,0
24466,0
10006,1
17247,0
21740,0
22475,0
11514,0
16701,0
17688,0
21250,0
20330,0
26852,0
20702,0
11865,0
22938,0
28222,0
11498,1
14445,0
21582,0
16848,1
13726,0
15824,0
10215,1
25063,0
13031,1
30028,0
20176,0
19551,0
11741,0
22124,0
13603,0
15728,1
28134,1
18337,0
26742,0
20912,0
28848,0
11973,0
29289,0
10666,0
17845,1
17917,1
13586,0
13163,1
25153,1
29425,0
27945,0
12721,1
24164,0
17822,1
23922,0
29238,0
27094,0
21616,0
20408,0
18866,0
23270,1
17066,0
28709,1
15845,0
11638,0
21404,0
20338,0
29831,1
13798,1
27648,1
17101,1
12165,1
16758,0
27710,0
10837,1
28122,1
21275,0
19585,0
12635,0
11250,0
16744,0
26291,0
30089,0
10273,0
27061,0
15129,1
10949,1
17964,0
15232,1
20736,1
17999,0
13343,1
10803,0
22304,1
18475,0
14843,0
19837,1
19494,0
28741,1
16175,1
15172,0
14867,0
13813,0
21743,0
13486,0
11759,1
10171,0
29007,0
12891,0
28368,0
29093,0
17016,1
29042,0
15398,0
21015,0
23746,0
27746,0
17935,1
24700,0
26778,0
15026,0
26132,0
24878,0
20315,0
24355,0
16221,0
27332,0
18599,1
21212,0
24858,0
26466,0
23562,0
24663,0
25547,0
30286,0
21859,0
26224,0
14499,0
21846,0
10029,0
11707,0
17476,0
24182,0
29062,0
27121,0
27877,0
25342,0
14160,0
22300,0
29500,1
28451,0
20209,0
16144,1
14231,0
28802,0
27702,0
21600,0
22286,0
17435,0
10019,1
27560,0
12477,0
10492,0
25176,0
21819,1
15961,0
13658,0
22719,0
24658,0
12624,0
30409,0
17191,0
28412,0
30508,0
11842,0
28037,0
20158,0
15806,0
11823,0
20288,0
30147,0
18908,0
20380,0
24795,0
16179,0
19954,1
22212,0
15451,0
29282,0
10725,0
26898,0
24580,0
14625,0
30452,0
11328,0
30469,0
21908,1
20795,0
27979,0
28261,0
21695,0
14957,0
14688,0
29920,0
26106,0
16681,1
26316,0
21484,1
15189,0
25986,0
14966,0
16379,1
23363,0
19240,0
27915,1
17006,0
23048,0
21940,0
29459,0
12484,0
15819,0
14333,1
12609,0
10727,0
16776,0
17409,0
14748,0
29456,0
23050,0
18992,0
12943,0
18556,0
13975,0
26403,0
26409,0
16162,0
23409,0
22652,0
11777,1
26855,1
19463,0
22997,0
15810,0
11491,1
27947,0
26221,1
17803,0
20855,1
13937,0
28480,0
20626,1
16935,0
17879,0
16241,0
24263,0
28332,0
28030,0
11755,0
17730,0
29118,0
13264,0
30474,0
23480,0
12940,0
18890,0
26349,0
20906,0
26306,0
30120,0
24629,0
19879,0
23927,0
17937,0
25318,0
30217,1
13287,1
26210,0
15423,0
19323,0
30260,1
17010,0
26731,1
13128,1
23233,1
21508,0
10897,1
18534,0
11205,0
16035,0
14169,1
29719,0
20407,0
23153,0
23664,0
15973,0
27532,0
16942,0
26877,0
30470,0
14097,1
27872,0
22366,0
18288,1
11913,1
30514,1
27719,0
30221,1
21383,1
28500,0
28288,0
12724,0
11786,1
28238,0
28720,0
19331,0
11314,0
29468,0
14850,1
23252,1
10618,0
20574,0
16900,0
19127,0
22281,0
22183,0
18865,0
20328,1
30228,0
16178,0
16226,0
26572,0
22041,0
17607,0
27052,0
18669,0
10256,0
10311,0
26693,0
16713,0
13506,0
14098,0
17898,0
17943,0
11600,0
29660,0
30323,0
11412,0
12330,0
26730,0
10712,0
24359,0
21418,1
11588,0
27272,0
15220,0
20260,0
22440,0
17291,0
15476,0
10062,1
15176,0
25241,0
18001,0
30397,0
18100,0
14613,0
27962,1
24441,0
21348,0
30008,1
16237,0
28687,1
21355,0
14685,0
11976,0
16911,1
19637,0
20485,0
28123,0
26057,0
15081,0
22999,0
16904,0
10699,0
26694,0
28327,0
29189,0
28394,1
23056,0
24917,0
24799,1
23593,0
11020,1
22369,0
19749,0
27912,0
22964,0
16847,0
23910,0
24690,0
15998,0
26297,0
24186,0
10809,0
16632,0
24367,1
10175,1
28859,0
28680,0
18134,0
30249,1
25218,1
16493,0
21842,0
13400,0
27997,1
15224,0
29969,1
16929,0
24996,1
24391,0
11261,0
15442,0
21343,0
29792,0
19554,0
23929,1
23982,0
18046,0
11800,0
18516,0
28836,0
19510,0
17894,0
23457,0
18261,0
23235,1
21223,1
25333,0
10109,0
17262,0
16465,0
24874,1
14877,0
19956,0
19890,0
30476,0
17019,0
28934,0
27502,0
26474,0
18498,1
26801,0
18065,0
13933,0
24579,0
23824,0
15410,0
24727,0
19191,0
13180,0
26862,0
15844,0
26250,0
25603,0
19366,0
19986,0
22547,0
28092,0
19566,0
10532,0
10545,1
23787,0
16464,1
29581,0
23310,0
30156,0
11875,0
28546,0
28785,1
23482,0
26166,0
19084,0
13151,0
18232,0
20342,0
11916,0
10774,1
28019,0
25962,0
29199,0
17859,0
14014,0
25555,1
20437,0
13955,0
24998,0
20916,1
19456,0
15635,0
20570,1
25638,0
26915,0
10238,0
27053,1
18595,1
10552,1
24513,0
20157,0
22088,0
27468,1
16879,0
29339,0
19206,1
20126,0
24131,0
20991,0
22647,0
17484,1
17850,0
18192,0
11977,0
29952,0
22656,0
16085,0
23867,0
17461,0
26829,0
27536,0
25305,1
16613,0
26744,1
19657,0
24907,0
28605,1
17637,1
11799,0
19415,1
27067,1
16365,0
15472,0
19346,0
15875,1
12365,1
27676,0
20156,1
18341,0
19289,0
28485,1
14008,0
27222,1
27861,0
28014,1
26406,0
17045,0
26000,1
29597,0
25993,0
21176,0
18706,1
10078,1
22708,0
25424,1
18225,0
29604,0
22113,1
19446,1
16537,1
14804,0
21363,0
14511,0
24634,1
13841,0
23238,0
22508,0
25637,0
15319,0
10367,0
17930,1
19916,1
15460,1
21991,0
27110,0
18394,1
11204,0
20576,0
21815,0
26384,0
12584,0
21726,0
29605,0
18276,1
27058,0
26369,0
11342,0
27342,0
27436,0
11646,0
14971,0
26008,1
26825,0
27424,0
18031,0
11377,0
18485,0
26173,0
18819,0
18271,1
16828,0
26450,0
16933,0
21221,1
15892,0
15725,0
15614,0
21584,0
15756,0
14841,0
17477,0
27660,1
13729,1
25643,0
12822,1
23499,1
12671,1
14776,0
13353,0
24781,1
11456,0
15440,0
14844,0
22214,0
15935,1
24457,1
25290,0
15231,0
19993,1
26089,0
23491,0
21789,1
12462,0
23497,0
17794,0
29937,1
15484,0
15560,0
13473,0
29179,1
23870,0
17491,0
30253,0
27699,0
15320,0
22715,0
18528,0
25515,0
24902,0
20711,1
13173,0
15577,1
21874,0
24255,0
23272,0
17112,0
13401,1
19884,0
17218,0
17063,1
15056,0
23194,0
29400,0
23758,1
15254,0
11966,0
11185,0
14749,0
26202,0
28405,0
19282,0
22044,0
16401,1
19792,0
27646,1
14597,0
28071,0
23025,0
25706,0
30162,0
29859,0
25775,0
13608,0
17328,0
30037,1
24529,0
25363,1
15481,0
29632,0
21607,1
24082,0
24597,0
30407,1
14162,0
29586,0
23498,1
11700,1
13734,0
29367,0
23614,0
29789,0
30279,0
20812,1
14422,0
27059,1
18315,0
14906,1
23716,0
16834,1
27610,0
21059,0
22642,1
24460,0
13098,0
23421,0
14695,0
22558,0
29476,0
17627,0
30379,0
27237,0
18235,0
30378,0
29666,0
11995,0
15957,0
15698,0
21624,0
11506,0
13336,0
18459,0
17511,0
22245,0
29919,1
11825,0
20005,0
11139,0
24362,0
23632,0
19347,0
11081,0
16516,0
16426,0
28326,0
23994,1
13712,0
23061,1
28622,0
10628,0
16949,0
18421,0
29051,0
23930,0
14323,1
23655,0
16287,1
13125,0
15260,0
12976,0
23222,0
22192,0
24641,0
13058,0
17281,0
13683,0
13166,0
19154,0
16155,0
30416,0
21007,0
19750,0
27309,0
20068,0
22607,0
14474,0
23387,0
14319,1
29161,1
11793,0
13038,0
30315,0
11433,0
11890,0
15948,0
11005,0
22989,0
23106,1
20801,0
18552,0
14604,0
16100,1
27049,0
11350,0
29288,1
26947,0
23503,0
17341,0
10136,1
24568,0
29464,1
25873,1
18251,0
11721,1
15141,0
12947,0
26968,0
30112,1
15909,0
26332,0
15733,0
17082,0
24563,0
14800,0
24088,0
22248,1
28796,0
21420,0
11029,0
19222,0
20198,0
17519,0
27797,0
15610,0
15812,0
15922,0
25387,0
18797,0
25865,0
21783,0
28945,0
14185,1
29553,0
26571,0
21386,1
13455,0
14651,1
19937,0
26979,1
18750,0
21519,0
25370,1
17775,0
16762,1
16641,0
11820,0
14423,0
26666,0
15347,0
25322,0
25123,0
16243,0
23684,0
26188,0
17473,0
19075,0
18930,0
24000,0
15651,0
21109,0
23550,0
20947,1
26587,0
19192,0
16771,0
18121,0
19786,1
19893,0
12858,1
22749,0
14307,0
15748,1
27132,0
28770,0
11551,1
17052,0
20719,1
29384,0
22925,0
14976,1
30353,0
13394,0
22126,0
17227,0
13117,0
25608,0
20553,0
27297,0
21225,0
15942,0
29250,0
23834,1
27457,0
15664,0
25817,0
24627,0
27077,0
14769,0
26274,0
15685,0
27891,0
22180,1
17231,0
22614,0
10911,0
15592,0
22720,0
10095,0
25758,0
15798,0
22629,0
20805,1
22819,0
26248,0
29975,0
27673,0
25111,0
12503,0
23577,0
21773,0
22864,0
17871,0
26908,1
27614,0
11812,0
30533,0
12909,1
17136,0
24447,0
29434,1
20081,0
22308,0
30457,0
25140,0
15386,0
18389,1
27339,0
21195,0
25239,1
25534,1
29420,1
13026,0
20475,0
14244,0
23304,0
14669,0
19756,0
13632,1
11465,0
17701,1
18656,1
27246,1
16334,0
21384,0
18720,0
21219,0
26045,0
21172,0
13230,0
28009,1
13650,0
27593,1
25372,0
20355,0
13496,0
18514,0
13012,0
11505,1
15130,0
30462,0
19441,0
25712,0
11670,0
13119,0
25567,1
14102,0
25204,0
11256,0
17371,0
30191,0
20937,0
15164,0
19793,1
13045,0
11322,0
28406,0
16682,0
27039,1
18327,0
18177,0
10733,0
26005,0
27704,0
26307,0
16485,0
26473,0
26739,0
20979,1
29030,0
27022,1
28140,1
28347,0
10287,0
26866,1
29454,0
11186,0
13056,0
27577,0
19218,0
10679,1
14973,0
26884,0
26773,1
11595,1
10778,1
20589,0
16958,0
12603,1
27879,1
30530,0
26324,0
23150,0
13699,0
21371,0
25727,0
25147,1
29120,0
18002,1
29392,0
15811,0
19875,0
27855,0
24048,0
26696,0
26485,0
21671,0
21674,0
28695,0
24834,0
10192,0
22677,0
25622,0
24161,0
19171,0
28633,0
18589,0
18097,1
30301,0
26075,0
27469,0
25853,0
12982,0
12229,0
25828,0
19787,0
11176,0
29824,1
20487,1
25514,0
21325,0
26074,0
26319,1
26767,0
27187,0
22409,1
12182,0
17976,0
16330,0
20856,0
28922,0
10124,0
17813,1
24393,1
28488,0
20761,1
15705,0
13352,0
17970,0
13492,0
20504,0
28244,1
13619,0
11844,1
20392,0
16469,0
19953,1
11508,0
29245,0
15235,0
25564,1
17814,0
11291,0
23788,0
19959,0
25483,0
16728,0
18863,0
11481,0
13849,1
14234,1
15859,0
14035,0
18651,1
27423,0
16284,0
11971,0
12203,1
29655,0
18268,1
15162,1
19351,0
20299,0
28196,0
28977,0
13181,1
23763,1
14670,0
26683,1
16201,0
26019,0
18977,1
27462,0
15800,0
30256,1
21880,0
22328,0
27548,1
21437,0
18800,0
20371,1
10645,1
22555,1
14262,0
10549,0
23420,0
20499,1
19452,0
19443,1
24270,1
19146,1
14202,0
21416,1
20572,1
23256,1
23407,0
28006,0
16131,1
16291,0
18167,0
14356,1
16644,0
29801,1
28926,0
24108,0
12331,0
14107,0
22953,0
20108,0
26813,0
10571,0
19715,0
13940,1
11499,0
12860,0
25533,0
30281,1
10354,0
13972,1
18910,0
18905,0
15390,0
26545,1
24207,0
17984,1
19776,1
29911,0
18585,0
17673,0
23647,1
29780,1
12769,0
27000,0
24150,0
13811,0
30129,0
28685,1
17604,1
11042,1
19275,0
26002,1
18626,1
24346,0
11430,0
18696,0
15975,0
20245,0
11281,1
12300,0
20061,1
13637,0
27004,0
26288,0
18988,0
28317,0
22324,0
21747,0
11268,1
10546,1
18531,0
16023,0
14905,1
22855,0
10827,0
20714,0
18603,1
20926,0
29659,1
20851,0
25843,0
19115,1
22209,1
15576,0
14561,0
28654,0
29336,0
24373,0
13870,0
16489,0
21549,1
19634,0
18071,0
11362,1
23969,0
11948,1
30145,0
30244,0
19003,0
23251,1
11354,0
21578,0
15073,0
18182,0
28827,0
10664,0
19917,0
16756,0
16790,1
10488,0
10112,0
15878,1
18137,0
18873,0
21995,1
19797,0
11726,0
18041,0
18136,0
20105,0
13845,0
16386,0
15955,0
25580,0
13742,1
14465,0
25291,0
20927,0
24004,0
19783,1
25288,1
24609,1
15971,0
25461,1
21579,0
18375,0
26401,0
28168,1
24605,0
27249,1
12188,0
24486,0
27871,0
29966,0
11864,0
24718,0
27356,0
23857,0
12257,0
12870,0
19743,0
22512,0
12911,0
10048,0
27818,0
12638,0
10027,0
19079,1
12167,0
23228,0
24932,0
15533,0
16887,0
21075,1
15384,1
19090,1
29315,0
24042,0
21449,1
30464,0
20813,0
30525,0
14134,0
12297,0
16504,0
16242,0
16420,1
26521,0
25852,0
17238,1
14322,1
20601,0
27191,1
10561,0
10667,0
11560,0
20441,0
29144,0
13073,0
24559,0
28002,1
18008,1
12710,1
24444,0
19327,1
28099,0
17516,1
22566,0
17022,0
17671,0
19314,0
16432,0
13690,0
25405,0
16527,0
10731,1
22397,1
14199,0
29534,0
25804,1
18655,0
13313,0
12201,0
22157,0
10454,1
27396,0
18588,0
18792,1
25446,0
14325,0
12598,1
29577,1
10489,0
17313,0
11312,0
22458,0
12935,1
26672,0
23495,0
10534,0
21247,0
15873,0
10716,1
20039,1
21650,1
17034,0
22601,0
24794,1
14591,0
24243,0
21711,1
21439,0
28756,0
30375,0
23494,1
11620,0
28236,0
17938,0
16267,0
22785,0
24293,0
12449,1
25630,1
13676,0
29136,0
30534,1
29274,0
14069,0
29735,1
23187,0
11124,1
13235,1
28832,1
14395,1
11803,1
16414,0
11692,0
11485,0
27394,0
18505,1
29962,1
28053,0
13517,0
10431,0
11676,0
10536,0
15079,0
15014,0
15919,0
17194,0
12819,1
18746,0
25434,0
26376,1
13953,0
22087,0
25035,0
22826,1
23743,0
27002,0
11563,1
21105,1
29686,0
16884,0
15993,1
16132,1
15031,1
25979,0
30113,0
27370,0
19060,0
15493,0
10263,0
24382,1
20086,0
19764,1
13395,0
13255,0
10821,0
22522,0
14869,0
17054,0
10903,1
29572,0
17722,0
15082,1
10312,1
12089,1
22514,0
16018,0
13341,1
21068,1
28717,1
10125,0
12064,0
28665,0
29286,0
25364,0
24994,1
16442,0
26823,0
28008,0
15372,0
13100,1
14659,1
19915,0
27732,0
11718,0
27831,0
26798,0
18336,0
22881,1
18139,1
26038,0
27383,0
10735,1
14311,1
22892,1
15521,0
11728,0
26620,0
15028,0
22101,0
30099,0
29640,0
10846,1
26701,0
18287,0
25450,0
13663,0
18980,0
27491,0
23602,0
27173,0
14939,0
15793,0
28549,0
10723,0
24530,0
22470,0
21929,0
13366,0
29506,0
18219,0
13075,0
18994,0
10119,1
10484,0
27657,0
11566,0
13820,0
30389,1
23551,1
18228,0
20246,0
20252,1
12836,0
25108,0
23533,0
25810,0
21393,1
18118,0
16645,0
19108,0
10978,0
23459,0
24943,0
25823,0
17759,0
20648,0
12969,0
16972,0
25191,0
11239,0
13909,1
14302,0
11807,0
30132,0
25327,0
28882,0
14846,0
24581,0
27819,0
24163,1
25508,0
16874,0
24616,1
22699,0
13332,0
27025,0
29841,0
25636,1
11520,0
16031,0
18306,0
20859,1
20898,0
28386,0
18698,0
28026,0
26840,0
10996,0
13156,0
20682,0
29037,0
29893,0
15872,1
21986,1
29138,0
21897,1
18400,0
25602,0
26779,1
20411,0
27478,0
12693,1
14567,1
23358,1
18025,0
19754,1
18658,0
14313,1
19414,1
10657,0
22156,0
23789,0
16102,0
18250,0
22698,0
20820,0
11582,0
19912,0
25154,1
17941,0
28343,0
15135,1
13827,0
28641,0
29229,0
29321,0
22244,0
26242,0
15583,0
17854,0
10989,1
22613,0
11441,1
10411,1
29829,0
12593,1
24105,1
26286,0
20977,1
30352,0
23203,0
13787,0
21266,0
16628,1
28376,1
14761,0
12984,1
13437,0
13225,0
12485,0
24147,0
10103,0
13220,0
29493,1
26395,0
21876,0
11117,0
10511,0
23852,0
15001,1
21226,0
27685,0
22615,0
24698,0
28797,0
15388,0
14638,0
18704,1
27245,0
28517,0
17827,0
21431,0
25516,0
26834,0
27367,1
12002,0
14203,0
16988,0
25535,1
20395,0
12634,0
12036,0
10700,0
18030,0
16594,1
22810,0
23122,1
17591,0
16615,0
20307,0
11672,0
21203,0
20266,0
21676,1
20425,1
14922,0
16436,0
27265,1
16614,0
18351,0
27887,1
14172,1
13576,0
21515,1
14249,1
17774,1
15007,0
19625,0
30480,0
21641,0
26227,0
26478,1
26077,0
25501,0
29159,0
25406,0
20422,0
14275,0
15288,0
20151,0
10237,0
17860,0
15022,0
25545,0
11754,1
16107,0
18788,0
21413,0
21810,0
20138,0
17437,0
25619,0
24614,1
14931,0
23011,0
20372,0
14787,1
21155,1
24285,0
24938,0
14697,0
24142,0
27563,0
27484,0
27461,1
21452,0
27179,0
28186,1
11764,0
14601,0
20779,1
21317,0
28441,1
26172,0
29520,0
11103,0
28353,0
23029,1
25661,0
17482,0
11615,0
28950,0
11685,1
25884,0
11257,1
25000,0
29149,0
22933,0
12918,0
15761,0
29469,0
14013,0
14830,0
23293,0
15182,0
24287,0
21049,0
19696,0
15966,0
18745,0
15227,0
14125,0
26480,0
26054,1
29814,0
29868,1
23298,0
18524,1
28813,0
21857,0
10337,0
23660,0
24931,0
19419,0
24787,0
25219,0
19213,0
19358,0
17751,0
11447,0
15433,0
29593,0
10894,1
22935,0
23223,0
11970,0
27123,0
17754,0
25043,0
29730,0
30304,1
20410,1
10851,0
26573,0
27511,1
28852,0
25928,0
28875,0
14977,0
20938,0
21023,0
26213,0
25934,0
12071,1
11753,0
12657,1
20735,0
19665,0
16350,1
15684,1
15034,1
21098,0
17401,0
14193,0
24748,0
11689,0
26435,0
21692,1
20336,0
25872,1
13380,1
20181,1
12651,0
16518,0
13558,0
28935,0
13498,0
15383,0
22637,0
12110,0
23331,0
26904,1
26568,0
17572,0
25987,0
14897,0
22293,0
16333,0
20596,0
21904,0
24011,1
18744,0
16621,0
24628,0
29746,0
22498,0
13358,1
10449,0
13385,1
21802,0
18488,0
10680,1
14666,0
28838,0
20436,1
16367,0
23990,0
10424,1
21858,0
25563,0
26234,0
20865,0
21402,1
18028,0
26200,0
15169,0
10500,0
13382,0
12073,0
11651,0
28964,1
16560,0
18419,0
25384,0
13685,0
15121,0
28906,0
10101,0
23350,1
12933,0
24803,0
14435,0
20132,0
24202,0
29087,0
24753,0
15276,1
10295,0
28674,0
19018,1
24829,0
20036,0
12094,0
23276,0
15313,0
29109,0
27149,0
27252,0
10558,0
28259,0
17083,0
27990,1
16046,0
11929,0
29260,0
27093,0
28833,0
15475,0
19735,0
16799,0
28320,0
30428,0
26697,1
29538,1
25760,1
20733,0
27957,0
25485,0
10758,0
17825,0
23287,0
25472,0
21122,0
16815,0
14353,0
18362,0
12107,0
29240,0
28383,0
17412,0
16020,1
11978,0
18178,0
25475,0
22750,0
12380,0
29443,0
24173,0
15636,0
14197,1
29645,0
29111,0
22318,0
21512,1
14612,1
16268,0
13149,0
26062,1
25279,0
12197,0
25129,0
29237,1
17990,0
27768,1
18906,0
21289,0
27281,0
24936,1
30243,0
27220,1
11494,0
23496,0
28084,0
21617,1
24315,1
20484,0
